open_time,open,high,low,close,volume
2024-05-19 20:30:00,66270.24,66291.12,66246.0,66261.65,36.23343
2024-05-19 20:35:00,66261.64,66261.65,66180.37,66200.01,36.76757
2024-05-19 20:40:00,66200.01,66200.01,66150.2,66150.2,31.45525
2024-05-19 20:45:00,66150.2,66218.33,66150.0,66167.55,21.77592
2024-05-19 20:50:00,66167.55,66167.56,66155.0,66166.01,17.06731
2024-05-19 20:55:00,66166.01,66171.99,66150.2,66163.99,26.64367
2024-05-19 21:00:00,66164.0,66246.42,66152.0,66212.55,32.45813
2024-05-19 21:05:00,66212.55,66222.04,66164.82,66164.83,27.56428
2024-05-19 21:10:00,66164.83,66193.64,66095.8,66193.63,61.8825
2024-05-19 21:15:00,66193.63,66234.52,66193.63,66212.01,40.88402
2024-05-19 21:20:00,66212.0,66212.01,66194.32,66194.32,14.28351
2024-05-19 21:25:00,66194.33,66199.0,66113.39,66133.28,38.53465
2024-05-19 21:30:00,66133.28,66136.15,66000.0,66040.0,56.82241
2024-05-19 21:35:00,66039.99,66066.11,66000.0,66066.1,52.51244
2024-05-19 21:40:00,66066.11,66173.7,66066.1,66157.67,36.25652
2024-05-19 21:45:00,66157.66,66178.85,66136.88,66178.85,14.95495
2024-05-19 21:50:00,66178.84,66354.0,66178.84,66354.0,58.63974
2024-05-19 21:55:00,66353.99,66360.0,66262.0,66280.0,23.94911
2024-05-19 22:00:00,66280.0,66343.09,66252.0,66320.0,108.31594
2024-05-19 22:05:00,66320.0,66372.01,66286.94,66352.0,88.16827
2024-05-19 22:10:00,66352.01,66375.05,66332.36,66357.2,45.501
2024-05-19 22:15:00,66357.2,66412.13,66350.82,66392.66,45.15024
2024-05-19 22:20:00,66392.65,66417.23,66383.15,66390.74,47.33108
2024-05-19 22:25:00,66390.74,66410.0,66384.89,66391.36,19.88639
2024-05-19 22:30:00,66391.36,66463.0,66384.83,66414.01,43.45107
2024-05-19 22:35:00,66414.01,66414.01,66341.98,66341.99,26.9468
2024-05-19 22:40:00,66341.99,66341.99,66318.03,66319.99,26.06343
2024-05-19 22:45:00,66319.99,66347.58,66314.34,66324.99,28.3905
2024-05-19 22:50:00,66325.0,66363.99,66324.99,66335.03,9.3853
2024-05-19 22:55:00,66335.03,66378.0,66335.02,66363.61,19.45171
2024-05-19 23:00:00,66363.61,66363.61,66323.8,66331.81,25.19329
2024-05-19 23:05:00,66331.82,66331.82,66257.29,66268.0,44.1894
2024-05-19 23:10:00,66267.99,66344.0,66267.99,66285.17,24.57816
2024-05-19 23:15:00,66285.18,66305.14,66255.0,66264.0,13.9715
2024-05-19 23:20:00,66264.0,66275.6,66222.0,66264.41,60.62014
2024-05-19 23:25:00,66264.42,66271.79,66211.87,66215.99,22.01517
2024-05-19 23:30:00,66215.99,66293.7,66215.0,66293.69,31.89409
2024-05-19 23:35:00,66293.7,66293.7,66258.4,66267.97,42.87118
2024-05-19 23:40:00,66267.97,66267.97,66250.0,66250.0,16.20155
2024-05-19 23:45:00,66250.0,66269.62,66222.0,66232.4,29.6634
2024-05-19 23:50:00,66232.41,66348.38,66222.16,66347.04,46.05821
2024-05-19 23:55:00,66347.03,66347.04,66274.0,66274.01,27.39022
2024-05-20 00:00:00,66274.0,66284.43,66217.39,66222.48,52.76405
2024-05-20 00:05:00,66222.48,66270.0,66209.93,66250.1,40.21246
2024-05-20 00:10:00,66250.1,66250.11,66200.34,66200.35,22.45548
2024-05-20 00:15:00,66200.34,66231.24,66181.36,66197.47,39.44623
2024-05-20 00:20:00,66197.47,66209.02,66161.64,66161.74,25.75598
2024-05-20 00:25:00,66161.74,66224.91,66149.43,66201.99,41.95995
2024-05-20 00:30:00,66202.0,66244.79,66195.68,66230.0,36.94652
2024-05-20 00:35:00,66230.0,66437.65,66230.0,66432.93,147.93718
2024-05-20 00:40:00,66432.93,66449.4,66305.87,66357.6,61.73072
2024-05-20 00:45:00,66357.59,66367.79,66288.0,66318.0,26.11716
2024-05-20 00:50:00,66317.99,66492.5,66317.99,66492.5,71.63449
2024-05-20 00:55:00,66492.5,66492.5,66443.46,66459.99,56.73772
2024-05-20 01:00:00,66459.99,66589.63,66419.04,66419.04,179.59004
2024-05-20 01:05:00,66419.05,66419.05,66370.53,66371.0,94.84534
2024-05-20 01:10:00,66370.99,66371.0,66224.6,66341.62,64.31793
2024-05-20 01:15:00,66341.61,66344.47,66236.33,66300.0,62.42611
2024-05-20 01:20:00,66300.01,66411.98,66300.0,66343.24,70.17214
2024-05-20 01:25:00,66343.24,66381.63,66288.0,66288.01,20.35995
2024-05-20 01:30:00,66288.01,66288.01,66060.31,66145.41,123.8777
2024-05-20 01:35:00,66145.41,66297.99,66093.7,66292.0,81.05769
2024-05-20 01:40:00,66292.01,66397.19,66279.17,66394.51,61.76986
2024-05-20 01:45:00,66394.51,66486.96,66346.71,66408.22,108.94441
2024-05-20 01:50:00,66408.22,66467.29,66396.99,66467.29,57.82479
2024-05-20 01:55:00,66467.29,66536.24,66456.7,66520.4,81.45928
2024-05-20 02:00:00,66520.4,66582.98,66503.0,66567.5,75.93495
2024-05-20 02:05:00,66567.51,66689.78,66511.38,66637.9,150.76143
2024-05-20 02:10:00,66637.9,66648.49,66597.51,66597.51,39.8325
2024-05-20 02:15:00,66597.52,66675.18,66566.0,66672.0,44.64984
2024-05-20 02:20:00,66672.0,66678.0,66604.41,66648.39,45.50206
2024-05-20 02:25:00,66648.39,66714.28,66608.02,66697.58,49.15805
2024-05-20 02:30:00,66697.59,66730.28,66640.0,66730.27,45.50841
2024-05-20 02:35:00,66730.27,66730.28,66645.71,66660.78,62.65959
2024-05-20 02:40:00,66660.77,66763.0,66660.77,66700.8,52.83481
2024-05-20 02:45:00,66700.81,66709.6,66616.83,66648.02,43.36795
2024-05-20 02:50:00,66648.01,66763.0,66648.01,66710.01,52.92719
2024-05-20 02:55:00,66710.0,66710.01,66659.23,66674.02,32.34467
2024-05-20 03:00:00,66674.02,66710.0,66645.4,66700.0,39.54086
2024-05-20 03:05:00,66700.01,66768.87,66668.62,66699.99,89.01364
2024-05-20 03:10:00,66700.0,66713.13,66668.62,66668.62,46.69103
2024-05-20 03:15:00,66668.63,66674.86,66620.6,66625.03,49.85066
2024-05-20 03:20:00,66625.02,66625.03,66592.07,66592.08,27.13331
2024-05-20 03:25:00,66592.07,66600.35,66563.95,66580.0,20.71543
2024-05-20 03:30:00,66579.99,66623.16,66579.99,66620.36,25.32755
2024-05-20 03:35:00,66620.36,66720.0,66620.35,66695.6,70.16751
2024-05-20 03:40:00,66695.6,66729.99,66671.8,66712.93,38.01704
2024-05-20 03:45:00,66712.94,66716.16,66671.1,66678.14,33.33138
2024-05-20 03:50:00,66678.15,66700.0,66667.4,66667.4,19.85217
2024-05-20 03:55:00,66667.41,66680.0,66659.8,66675.22,25.28118
2024-05-20 04:00:00,66675.21,66740.0,66626.0,66739.99,82.18061
2024-05-20 04:05:00,66739.99,66740.0,66694.23,66694.24,25.45369
2024-05-20 04:10:00,66694.24,66694.24,66655.81,66657.76,28.00184
2024-05-20 04:15:00,66657.76,66670.9,66626.01,66670.9,23.9677
2024-05-20 04:20:00,66670.89,66717.04,66667.26,66717.04,38.28733
2024-05-20 04:25:00,66717.04,66717.04,66658.24,66676.72,46.75994
2024-05-20 04:30:00,66676.71,66900.0,66664.42,66887.82,130.01461
2024-05-20 04:35:00,66887.83,67068.75,66887.82,66996.01,266.39167
2024-05-20 04:40:00,66996.0,67100.0,66957.39,67055.01,190.77449
2024-05-20 04:45:00,67055.0,67100.0,66993.4,67083.77,185.05999
2024-05-20 04:50:00,67083.78,67083.78,67010.76,67040.0,64.96801
2024-05-20 04:55:00,67040.0,67143.75,67039.99,67132.43,124.09926
2024-05-20 05:00:00,67132.44,67245.5,67116.08,67170.01,202.9442
2024-05-20 05:05:00,67170.01,67245.72,67140.0,67196.6,105.48369
2024-05-20 05:10:00,67196.6,67295.99,67147.65,67147.65,180.11028
2024-05-20 05:15:00,67147.65,67170.0,67110.0,67134.7,78.20039
2024-05-20 05:20:00,67134.7,67134.7,67050.61,67134.69,60.13505
2024-05-20 05:25:00,67134.7,67179.19,67100.0,67172.69,59.30785
2024-05-20 05:30:00,67172.69,67200.0,67095.83,67115.42,57.48913
2024-05-20 05:35:00,67115.41,67183.63,67109.99,67124.59,50.6563
2024-05-20 05:40:00,67124.6,67134.71,67090.0,67090.01,39.94227
2024-05-20 05:45:00,67090.0,67139.59,67080.68,67139.57,70.3227
2024-05-20 05:50:00,67139.58,67165.19,67130.0,67153.99,62.3019
2024-05-20 05:55:00,67154.0,67154.0,67102.4,67136.36,57.70433
2024-05-20 06:00:00,67136.36,67160.0,67112.29,67119.22,59.5524
2024-05-20 06:05:00,67119.21,67119.22,67063.42,67063.43,59.40602
2024-05-20 06:10:00,67063.42,67063.43,66920.44,67020.11,169.77875
2024-05-20 06:15:00,67020.1,67077.63,67010.0,67032.01,91.56942
2024-05-20 06:20:00,67032.01,67032.01,66980.0,66999.17,35.25333
2024-05-20 06:25:00,66999.18,67068.2,66997.94,67066.19,38.44989
2024-05-20 06:30:00,67066.19,67079.14,66990.0,66990.0,60.03927
2024-05-20 06:35:00,66990.0,67030.67,66960.0,67025.78,66.149
2024-05-20 06:40:00,67025.78,67025.79,66946.18,66946.18,42.43819
2024-05-20 06:45:00,66946.18,66970.0,66880.0,66880.01,41.63488
2024-05-20 06:50:00,66880.0,66880.01,66444.05,66447.8,249.92219
2024-05-20 06:55:00,66447.79,66534.98,66279.64,66410.0,305.29511
2024-05-20 07:00:00,66410.01,66549.08,66352.23,66508.66,173.05552
2024-05-20 07:05:00,66508.66,66646.08,66460.21,66588.01,127.51088
2024-05-20 07:10:00,66588.0,66678.0,66588.0,66678.0,76.72702
2024-05-20 07:15:00,66678.0,66763.8,66660.6,66720.01,94.52795
2024-05-20 07:20:00,66720.01,66734.0,66621.2,66665.76,64.72156
2024-05-20 07:25:00,66665.77,66724.34,66625.71,66724.34,39.93881
2024-05-20 07:30:00,66724.34,66885.46,66714.31,66796.81,137.75209
2024-05-20 07:35:00,66796.8,66825.95,66747.0,66825.94,60.76645
2024-05-20 07:40:00,66825.94,66860.0,66814.76,66854.83,47.24213
2024-05-20 07:45:00,66854.82,66899.99,66821.07,66840.77,148.98992
2024-05-20 07:50:00,66840.78,66869.68,66796.61,66848.01,39.71817
2024-05-20 07:55:00,66848.01,66879.2,66820.0,66825.14,57.75668
2024-05-20 08:00:00,66825.15,67017.17,66825.14,67016.19,101.0207
2024-05-20 08:05:00,67016.2,67057.97,66943.83,66990.0,125.10399
2024-05-20 08:10:00,66990.01,66990.01,66904.76,66910.0,71.0834
2024-05-20 08:15:00,66910.0,66930.0,66857.94,66865.96,58.03149
2024-05-20 08:20:00,66865.95,66958.19,66865.95,66947.35,51.39667
2024-05-20 08:25:00,66947.35,66947.36,66920.0,66922.01,20.3216
2024-05-20 08:30:00,66922.01,66942.66,66831.48,66866.0,65.39925
2024-05-20 08:35:00,66865.99,66872.25,66825.16,66849.99,38.80944
2024-05-20 08:40:00,66849.99,66866.9,66821.4,66845.2,39.07298
2024-05-20 08:45:00,66845.19,66849.9,66750.0,66844.63,137.48504
2024-05-20 08:50:00,66844.63,66844.63,66750.01,66767.24,37.82148
2024-05-20 08:55:00,66767.23,66787.26,66762.0,66762.0,26.2061
2024-05-20 09:00:00,66762.01,66832.52,66753.18,66832.51,35.08934
2024-05-20 09:05:00,66832.52,66928.57,66824.0,66928.44,36.38968
2024-05-20 09:10:00,66928.45,66941.51,66888.6,66930.65,48.70309
2024-05-20 09:15:00,66930.65,66999.0,66910.0,66930.01,89.23115
2024-05-20 09:20:00,66930.0,66930.01,66884.15,66889.87,82.0478
2024-05-20 09:25:00,66889.88,66960.4,66889.87,66944.38,51.52619
2024-05-20 09:30:00,66944.37,66986.99,66940.0,66956.3,69.9629
2024-05-20 09:35:00,66956.3,66970.0,66914.02,66914.02,59.94406
2024-05-20 09:40:00,66914.03,66950.0,66897.21,66926.78,44.29774
2024-05-20 09:45:00,66926.79,66926.79,66900.0,66913.88,21.81232
2024-05-20 09:50:00,66913.88,66926.79,66865.85,66865.85,54.75229
2024-05-20 09:55:00,66865.86,66916.0,66861.41,66894.01,49.96499
2024-05-20 10:00:00,66894.01,66919.5,66860.26,66919.5,85.36843
2024-05-20 10:05:00,66919.49,67133.91,66919.49,67111.97,183.90975
2024-05-20 10:10:00,67111.98,67140.0,66957.64,67045.17,157.27854
2024-05-20 10:15:00,67045.17,67086.44,67010.0,67016.38,64.86784
2024-05-20 10:20:00,67016.37,67250.0,67016.37,67243.74,172.25461
2024-05-20 10:25:00,67243.75,67349.0,67060.41,67139.98,432.19409
2024-05-20 10:30:00,67139.98,67150.0,67030.0,67060.01,95.68791
2024-05-20 10:35:00,67060.01,67137.99,67054.2,67131.82,61.08183
2024-05-20 10:40:00,67131.82,67160.0,67090.0,67090.0,104.90504
2024-05-20 10:45:00,67090.0,67210.0,67090.0,67170.0,115.78851
2024-05-20 10:50:00,67169.99,67200.0,67144.81,67144.81,32.94558
2024-05-20 10:55:00,67144.82,67220.0,67109.99,67109.99,77.13488
2024-05-20 11:00:00,67110.0,67160.0,67060.0,67125.39,69.47031
2024-05-20 11:05:00,67125.4,67249.53,67119.63,67220.0,131.04108
2024-05-20 11:10:00,67220.0,67250.0,67190.0,67250.0,44.93466
2024-05-20 11:15:00,67250.0,67300.0,67230.0,67269.2,72.4636
2024-05-20 11:20:00,67269.2,67290.0,67230.0,67262.35,113.09847
2024-05-20 11:25:00,67262.35,67262.35,67172.7,67190.0,82.79728
2024-05-20 11:30:00,67189.99,67217.99,67140.0,67140.0,82.91681
2024-05-20 11:35:00,67140.01,67140.01,67072.9,67110.01,75.49083
2024-05-20 11:40:00,67110.01,67110.02,67080.0,67083.95,47.49496
2024-05-20 11:45:00,67083.94,67110.0,67050.35,67050.35,43.54221
2024-05-20 11:50:00,67050.36,67055.0,66907.23,67019.99,117.02239
2024-05-20 11:55:00,67019.99,67030.0,66970.66,66994.2,47.29276
2024-05-20 12:00:00,66994.2,67062.79,66994.19,67060.0,55.04909
2024-05-20 12:05:00,67060.0,67087.63,67050.0,67076.48,35.41355
2024-05-20 12:10:00,67076.48,67078.0,67040.0,67069.19,42.87865
2024-05-20 12:15:00,67069.2,67069.2,67030.0,67040.64,40.12703
2024-05-20 12:20:00,67040.63,67080.0,66930.0,66930.01,71.96792
2024-05-20 12:25:00,66930.01,66950.0,66900.64,66912.26,80.42263
2024-05-20 12:30:00,66912.26,67020.0,66912.25,67019.45,85.20794
2024-05-20 12:35:00,67019.45,67019.46,66900.0,66929.34,82.39503
2024-05-20 12:40:00,66929.35,66929.35,66820.0,66830.01,117.97933
2024-05-20 12:45:00,66830.79,66940.01,66789.16,66929.35,176.69315
2024-05-20 12:50:00,66929.34,67003.9,66920.01,66920.02,88.64928
2024-05-20 12:55:00,66920.02,66949.67,66890.0,66936.39,58.5569
2024-05-20 13:00:00,66936.4,67018.73,66907.0,67000.01,89.39515
2024-05-20 13:05:00,67000.01,67044.0,66970.0,67030.21,69.19763
2024-05-20 13:10:00,67030.21,67099.99,67030.21,67039.0,69.50114
2024-05-20 13:15:00,67039.0,67100.0,67039.0,67065.27,76.38066
2024-05-20 13:20:00,67065.28,67065.28,67015.02,67033.06,40.48322
2024-05-20 13:25:00,67033.06,67080.0,66980.6,67000.01,52.24156
2024-05-20 13:30:00,67000.01,67160.0,66970.01,67052.02,152.42693
2024-05-20 13:35:00,67052.01,67052.02,66774.53,66788.88,171.11411
2024-05-20 13:40:00,66788.87,66900.0,66788.87,66890.0,118.53056
2024-05-20 13:45:00,66889.99,66942.99,66840.0,66934.05,133.45294
2024-05-20 13:50:00,66934.05,67184.71,66934.04,67119.99,169.1417
2024-05-20 13:55:00,67119.99,67165.3,66990.0,67099.98,200.90451
2024-05-20 14:00:00,67099.98,67110.0,67030.38,67097.89,89.91074
2024-05-20 14:05:00,67097.89,67097.9,67014.26,67029.8,70.48076
2024-05-20 14:10:00,67029.8,67070.0,66820.0,66830.46,109.50191
2024-05-20 14:15:00,66830.46,66916.04,66810.0,66899.99,77.73638
2024-05-20 14:20:00,66899.99,66970.0,66870.14,66900.0,67.17053
2024-05-20 14:25:00,66899.99,66910.0,66821.4,66867.32,115.87157
2024-05-20 14:30:00,66867.31,66910.0,66805.46,66825.98,116.24099
2024-05-20 14:35:00,66825.98,66869.99,66753.42,66800.0,174.86553
2024-05-20 14:40:00,66800.0,66906.97,66800.0,66830.01,104.69123
2024-05-20 14:45:00,66830.0,66890.0,66808.01,66822.24,76.49756
2024-05-20 14:50:00,66822.24,66890.01,66810.0,66890.0,184.62632
2024-05-20 14:55:00,66890.01,67020.0,66881.4,67006.01,199.30653
2024-05-20 15:00:00,67006.0,67006.01,66907.87,66907.89,59.90687
2024-05-20 15:05:00,66907.88,66943.05,66902.0,66937.99,46.0925
2024-05-20 15:10:00,66937.99,67119.22,66937.99,67088.57,78.85269
2024-05-20 15:15:00,67088.56,67234.12,67080.0,67181.19,157.55064
2024-05-20 15:20:00,67181.18,67343.0,67123.07,67324.01,232.96456
2024-05-20 15:25:00,67324.01,67487.0,67250.0,67250.0,651.16437
2024-05-20 15:30:00,67250.0,67279.99,67176.01,67183.49,280.16736
2024-05-20 15:35:00,67183.5,67394.72,67165.29,67306.59,211.30366
2024-05-20 15:40:00,67306.59,67372.21,67238.56,67364.71,107.77714
2024-05-20 15:45:00,67364.71,67378.12,67290.0,67324.55,115.07838
2024-05-20 15:50:00,67324.55,67389.99,67320.0,67373.55,82.05207
2024-05-20 15:55:00,67373.56,67473.65,67348.01,67419.99,122.8825
2024-05-20 16:00:00,67420.0,67900.0,67419.99,67842.44,714.26932
2024-05-20 16:05:00,67844.89,67950.0,67643.5,67649.99,361.79269
2024-05-20 16:10:00,67650.0,67690.0,67466.76,67513.98,261.31124
2024-05-20 16:15:00,67513.99,67565.62,67374.42,67505.27,189.45198
2024-05-20 16:20:00,67505.27,67750.0,67505.27,67700.63,182.11045
2024-05-20 16:25:00,67700.62,67832.0,67685.76,67832.0,170.8899
2024-05-20 16:30:00,67832.0,67856.36,67606.56,67671.46,346.81399
2024-05-20 16:35:00,67671.45,68107.54,67660.0,68071.84,430.32451
2024-05-20 16:40:00,68071.84,68266.08,68051.42,68249.99,745.30339
2024-05-20 16:45:00,68250.0,68250.0,68054.01,68143.22,292.6985
2024-05-20 16:50:00,68143.23,68189.3,68110.0,68142.01,243.87066
2024-05-20 16:55:00,68142.02,68190.06,68070.65,68190.06,207.54872
2024-05-20 17:00:00,68190.06,68311.0,68030.77,68050.01,337.56637
2024-05-20 17:05:00,68050.0,68137.99,68042.65,68085.66,94.16786
2024-05-20 17:10:00,68085.66,68450.0,68085.65,68399.8,324.53219
2024-05-20 17:15:00,68399.8,68649.98,68399.8,68589.98,560.7144
2024-05-20 17:20:00,68589.98,68632.05,68416.54,68477.87,221.57771
2024-05-20 17:25:00,68477.86,68510.0,68266.0,68342.0,265.36992
2024-05-20 17:30:00,68342.0,68342.0,68239.61,68300.0,126.41506
2024-05-20 17:35:00,68299.99,68300.0,68111.23,68133.0,198.59779
2024-05-20 17:40:00,68133.0,68298.71,68099.84,68280.01,186.45701
2024-05-20 17:45:00,68280.0,68283.23,68186.0,68223.95,86.79562
2024-05-20 17:50:00,68223.96,68403.64,68223.95,68309.53,110.89787
2024-05-20 17:55:00,68309.53,68331.53,68220.0,68331.51,81.27511
2024-05-20 18:00:00,68331.51,68539.99,68322.97,68462.0,155.42139
2024-05-20 18:05:00,68462.0,68487.2,68292.6,68399.79,136.77416
2024-05-20 18:10:00,68399.78,68429.73,68356.92,68414.0,104.76561
2024-05-20 18:15:00,68414.0,68492.65,68332.0,68391.32,111.36007
2024-05-20 18:20:00,68391.31,68428.53,68302.32,68316.57,122.23613
2024-05-20 18:25:00,68316.57,68498.0,68316.56,68486.62,105.62008
2024-05-20 18:30:00,68486.63,68493.95,68350.01,68433.68,132.95167
2024-05-20 18:35:00,68433.69,68595.02,68433.68,68587.92,136.20138
2024-05-20 18:40:00,68587.92,68766.0,68571.45,68680.58,307.61859
2024-05-20 18:45:00,68680.58,68740.39,68602.0,68671.59,157.18103
2024-05-20 18:50:00,68671.59,68750.0,68589.56,68658.72,144.15535
2024-05-20 18:55:00,68658.71,68750.0,68595.75,68728.41,114.82354
2024-05-20 19:00:00,68728.42,68806.61,68627.01,68650.01,226.7932
2024-05-20 19:05:00,68650.01,68687.94,68596.0,68687.93,118.29382
2024-05-20 19:10:00,68687.94,68774.4,68687.93,68711.21,136.28658
2024-05-20 19:15:00,68711.2,68754.85,68644.68,68666.0,129.32748
2024-05-20 19:20:00,68666.0,69400.0,68644.8,69202.02,1515.64527
2024-05-20 19:25:00,69202.01,69481.79,69074.44,69192.01,1345.89805
2024-05-20 19:30:00,69192.01,69978.05,69155.89,69837.21,1330.55205
2024-05-20 19:35:00,69837.21,69980.0,69710.17,69812.26,619.70853
2024-05-20 19:40:00,69812.27,69856.79,69409.57,69741.1,722.18241
2024-05-20 19:45:00,69741.11,69899.32,69656.78,69767.3,515.99745
2024-05-20 19:50:00,69770.11,69818.18,69553.31,69818.17,357.7264
2024-05-20 19:55:00,69818.18,70000.0,69772.12,69999.99,889.63832
2024-05-20 20:00:00,70000.0,70421.24,69999.99,70051.66,1177.3009
2024-05-20 20:05:00,70051.66,70113.86,69728.08,69831.45,656.49373
2024-05-20 20:10:00,69831.44,69855.14,69672.04,69672.05,204.81729
2024-05-20 20:15:00,69672.04,69820.0,69584.2,69613.71,510.90653
2024-05-20 20:20:00,69613.7,69658.08,69530.33,69569.55,305.13449
2024-05-20 20:25:00,69569.56,69639.24,69526.15,69539.99,280.83354
2024-05-20 20:30:00,69539.98,69654.12,69337.57,69643.79,583.27372
2024-05-20 20:35:00,69643.79,69969.49,69509.92,69513.03,999.93251
2024-05-20 20:40:00,69513.04,69605.86,69412.29,69412.3,263.75291
2024-05-20 20:45:00,69412.29,69459.27,69153.61,69436.86,567.33975
2024-05-20 20:50:00,69436.85,69500.0,69312.2,69499.65,267.84751
2024-05-20 20:55:00,69499.64,69536.06,69421.85,69500.0,171.8619
2024-05-20 21:00:00,69499.99,69543.67,69292.61,69299.89,218.52131
2024-05-20 21:05:00,69299.89,69336.1,69079.24,69259.85,291.22902
2024-05-20 21:10:00,69259.85,69280.0,69026.57,69038.83,426.73603
2024-05-20 21:15:00,69038.82,69198.75,68920.0,68986.92,385.54082
2024-05-20 21:20:00,68986.92,69125.19,68905.67,69080.34,315.73498
2024-05-20 21:25:00,69080.34,69250.18,69056.84,69215.99,197.68843
2024-05-20 21:30:00,69215.99,69319.31,69208.45,69271.45,162.66702
2024-05-20 21:35:00,69271.46,69357.67,69237.81,69284.56,319.00596
2024-05-20 21:40:00,69284.55,69294.52,69029.28,69154.53,128.11236
2024-05-20 21:45:00,69154.53,69259.89,69154.53,69253.32,107.97463
2024-05-20 21:50:00,69253.32,69624.29,69253.32,69566.01,256.29766
2024-05-20 21:55:00,69566.01,69767.43,69532.79,69717.79,411.85485
2024-05-20 22:00:00,69717.8,69726.33,69549.37,69597.97,331.03855
2024-05-20 22:05:00,69597.97,69614.18,69540.0,69596.0,133.16282
2024-05-20 22:10:00,69596.0,69760.07,69559.67,69692.61,310.62459
2024-05-20 22:15:00,69692.62,69835.43,69599.99,69746.4,410.24318
2024-05-20 22:20:00,69746.41,69949.0,69727.53,69767.0,318.19617
2024-05-20 22:25:00,69767.0,69767.01,69579.54,69699.99,187.76182
2024-05-20 22:30:00,69699.99,69760.4,69640.0,69670.0,99.90394
2024-05-20 22:35:00,69670.01,69691.74,69600.0,69620.36,131.23517
2024-05-20 22:40:00,69620.36,69638.65,69580.3,69624.01,91.62791
2024-05-20 22:45:00,69624.0,69662.61,69610.41,69631.0,84.27398
2024-05-20 22:50:00,69631.01,69681.31,69616.08,69619.41,127.40734
2024-05-20 22:55:00,69619.41,69640.87,69582.64,69590.77,101.18866
2024-05-20 23:00:00,69590.77,69687.54,69589.5,69620.0,155.75379
2024-05-20 23:05:00,69620.0,69792.76,69620.0,69760.01,114.62443
2024-05-20 23:10:00,69760.01,70082.32,69760.0,70063.81,335.9964
2024-05-20 23:15:00,70063.81,70499.97,70063.8,70411.66,664.82643
2024-05-20 23:20:00,70411.65,71013.83,70411.65,70819.49,1260.58624
2024-05-20 23:25:00,70819.48,71500.0,70819.48,71432.01,1130.37571
2024-05-20 23:30:00,71432.01,71459.19,71137.91,71204.98,598.91054
2024-05-20 23:35:00,71204.97,71515.56,71204.97,71434.29,432.98311
2024-05-20 23:40:00,71434.28,71488.0,71365.91,71416.02,229.23604
2024-05-20 23:45:00,71416.02,71437.4,71335.16,71388.28,204.86442
2024-05-20 23:50:00,71388.28,71499.99,71328.0,71418.21,433.53841
2024-05-20 23:55:00,71418.21,71485.66,71322.77,71446.62,272.81407
2024-05-21 00:00:00,71446.62,71518.36,71334.82,71358.33,368.41816
2024-05-21 00:05:00,71358.34,71400.01,71191.38,71260.01,506.94276
2024-05-21 00:10:00,71260.01,71383.0,71125.37,71270.01,370.87922
2024-05-21 00:15:00,71270.01,71979.0,71205.78,71726.12,766.26667
2024-05-21 00:20:00,71726.12,71741.0,71483.54,71494.61,397.58261
2024-05-21 00:25:00,71494.6,71648.0,71414.0,71447.16,296.51596
2024-05-21 00:30:00,71447.17,71569.77,71329.95,71419.79,222.99304
2024-05-21 00:35:00,71419.79,71419.79,71274.71,71306.0,235.21341
2024-05-21 00:40:00,71305.99,71400.1,71182.08,71400.01,434.64548
2024-05-21 00:45:00,71400.0,71500.0,71302.28,71447.89,356.8332
2024-05-21 00:50:00,71447.88,71462.0,71248.77,71248.81,188.82634
2024-05-21 00:55:00,71248.81,71313.81,71133.0,71312.32,259.32044
2024-05-21 01:00:00,71312.32,71312.33,71197.13,71222.0,263.03561
2024-05-21 01:05:00,71222.01,71254.28,71156.55,71222.38,224.17132
2024-05-21 01:10:00,71222.38,71222.38,71046.81,71056.31,279.35992
2024-05-21 01:15:00,71056.31,71097.54,70972.5,71068.05,273.33773
2024-05-21 01:20:00,71068.06,71110.73,70719.47,70779.23,446.73203
2024-05-21 01:25:00,70779.22,71118.45,70706.0,70865.46,489.03467
2024-05-21 01:30:00,70865.47,71019.66,70735.13,71017.86,331.46727
2024-05-21 01:35:00,71017.86,71028.29,70918.84,70957.04,226.30453
2024-05-21 01:40:00,70957.03,71116.78,70957.03,70988.0,240.30276
2024-05-21 01:45:00,70987.99,71248.34,70966.03,71047.97,413.37642
2024-05-21 01:50:00,71047.97,71140.37,70972.68,71112.19,231.56757
2024-05-21 01:55:00,71112.19,71462.48,71072.82,71089.96,328.81522
2024-05-21 02:00:00,71089.96,71099.99,71025.97,71027.2,124.4592
2024-05-21 02:05:00,71027.2,71226.3,70903.85,70927.49,340.94559
2024-05-21 02:10:00,70927.5,71030.0,70922.44,70958.14,203.26674
2024-05-21 02:15:00,70958.14,71056.0,70958.13,70961.75,160.48724
2024-05-21 02:20:00,70961.76,71007.96,70920.01,70950.0,378.616
2024-05-21 02:25:00,70950.0,71055.98,70949.99,71002.01,291.75763
2024-05-21 02:30:00,71002.0,71186.0,71000.01,71176.53,233.09819
2024-05-21 02:35:00,71176.52,71263.97,71122.71,71210.03,182.79193
2024-05-21 02:40:00,71210.02,71426.19,71142.05,71301.8,332.28514
2024-05-21 02:45:00,71301.8,71331.31,71182.62,71186.0,137.5469
2024-05-21 02:50:00,71186.01,71357.31,71186.0,71258.16,201.53494
2024-05-21 02:55:00,71258.15,71400.0,71180.0,71283.8,394.43908
2024-05-21 03:00:00,71283.81,71355.8,71200.0,71278.26,237.83559
2024-05-21 03:05:00,71278.26,71300.0,71250.0,71298.98,191.51597
2024-05-21 03:10:00,71298.99,71303.0,71235.8,71289.47,203.68296
2024-05-21 03:15:00,71289.47,71300.0,71246.85,71258.33,152.95643
2024-05-21 03:20:00,71258.34,71328.0,71237.4,71280.85,170.87075
2024-05-21 03:25:00,71280.84,71319.38,71230.0,71295.13,86.50575
2024-05-21 03:30:00,71295.12,71379.31,71260.1,71323.81,171.28768
2024-05-21 03:35:00,71323.82,71323.82,71136.84,71222.01,150.59483
2024-05-21 03:40:00,71222.01,71359.41,71222.0,71346.0,228.30214
2024-05-21 03:45:00,71346.01,71401.68,71316.15,71341.41,130.0336
2024-05-21 03:50:00,71341.42,71380.69,71296.5,71300.0,103.39041
2024-05-21 03:55:00,71300.0,71323.87,71261.87,71284.0,128.24312
2024-05-21 04:00:00,71283.99,71289.89,71200.0,71219.99,104.03476
2024-05-21 04:05:00,71220.0,71220.0,71110.0,71129.98,74.88545
2024-05-21 04:10:00,71129.98,71180.0,71100.0,71126.81,129.25079
2024-05-21 04:15:00,71126.81,71131.62,71080.0,71084.01,54.3466
2024-05-21 04:20:00,71084.01,71084.01,71030.0,71030.01,94.12685
2024-05-21 04:25:00,71030.0,71030.01,71000.0,71011.74,132.37562
2024-05-21 04:30:00,71011.74,71120.0,71011.74,71072.52,148.62708
2024-05-21 04:35:00,71072.52,71110.0,71040.0,71040.01,84.31965
2024-05-21 04:40:00,71040.01,71040.01,70939.99,70980.0,125.08357
2024-05-21 04:45:00,70980.01,71000.0,70932.63,70957.7,112.22953
2024-05-21 04:50:00,70957.7,70960.0,70861.41,70861.42,153.63916
2024-05-21 04:55:00,70861.41,70947.38,70834.0,70910.0,176.81056
2024-05-21 05:00:00,70910.01,70939.18,70850.0,70866.77,152.22164
2024-05-21 05:05:00,70866.77,71037.84,70850.03,71030.12,195.54849
2024-05-21 05:10:00,71030.13,71030.13,70901.69,70901.7,104.97595
2024-05-21 05:15:00,70901.7,70943.88,70826.92,70900.01,108.09568
2024-05-21 05:20:00,70900.0,70987.15,70896.18,70962.97,83.51363
2024-05-21 05:25:00,70962.96,70990.0,70890.2,70983.34,104.43404
2024-05-21 05:30:00,70983.33,71050.0,70910.0,70958.81,224.32487
2024-05-21 05:35:00,70958.82,71040.0,70950.0,71010.38,131.7826
2024-05-21 05:40:00,71010.38,71160.0,71010.38,71083.27,209.62475
2024-05-21 05:45:00,71083.28,71203.7,71040.0,71137.34,201.41327
2024-05-21 05:50:00,71137.34,71222.0,71120.0,71221.91,137.68832
2024-05-21 05:55:00,71221.9,71221.91,71186.2,71209.86,105.80927
2024-05-21 06:00:00,71209.87,71268.99,71175.0,71256.01,231.53439
2024-05-21 06:05:00,71256.01,71275.81,71160.0,71179.92,137.127
2024-05-21 06:10:00,71179.92,71276.69,71179.92,71240.0,98.04547
2024-05-21 06:15:00,71240.0,71260.0,71160.77,71160.77,108.86007
2024-05-21 06:20:00,71160.77,71233.6,71096.01,71187.6,168.04897
2024-05-21 06:25:00,71187.59,71264.87,71174.09,71258.23,96.70175
2024-05-21 06:30:00,71258.23,71270.0,71196.0,71269.0,117.52295
2024-05-21 06:35:00,71268.99,71349.77,71200.0,71349.77,195.13191
2024-05-21 06:40:00,71349.77,71394.2,71329.73,71343.0,123.94232
2024-05-21 06:45:00,71343.01,71371.41,71280.0,71296.2,111.21608
2024-05-21 06:50:00,71296.2,71310.0,71170.0,71220.0,108.55813
2024-05-21 06:55:00,71220.0,71260.0,71165.62,71205.41,137.80113
2024-05-21 07:00:00,71205.41,71230.13,71162.88,71180.0,96.78699
2024-05-21 07:05:00,71180.0,71180.01,71110.0,71115.0,80.54864
2024-05-21 07:10:00,71115.0,71140.0,71010.0,71029.51,104.64892
2024-05-21 07:15:00,71029.5,71114.99,71008.97,71085.66,98.17513
2024-05-21 07:20:00,71085.66,71140.0,71070.0,71126.89,121.87536
2024-05-21 07:25:00,71126.88,71166.89,71101.4,71118.99,75.91142
2024-05-21 07:30:00,71118.98,71124.1,70984.25,70997.99,151.26523
2024-05-21 07:35:00,70997.99,71027.13,70970.0,71002.58,211.78474
2024-05-21 07:40:00,71002.59,71002.59,70926.8,70926.8,197.76739
2024-05-21 07:45:00,70926.8,70977.42,70893.62,70976.37,339.57741
2024-05-21 07:50:00,70976.36,70994.12,70940.0,70958.61,226.64057
2024-05-21 07:55:00,70958.61,70966.49,70878.29,70878.29,113.20661
2024-05-21 08:00:00,70878.3,70940.0,70850.01,70934.83,163.18945
2024-05-21 08:05:00,70934.84,71050.0,70925.31,70982.5,182.43863
2024-05-21 08:10:00,70982.51,71050.0,70982.5,71000.01,198.95681
2024-05-21 08:15:00,71000.01,71000.01,70918.4,70918.4,80.39568
2024-05-21 08:20:00,70918.41,71010.0,70918.4,70941.22,115.33644
2024-05-21 08:25:00,70941.21,70997.98,70941.13,70997.97,92.82245
2024-05-21 08:30:00,70997.98,71060.0,70930.4,70930.4,114.68748
2024-05-21 08:35:00,70930.41,70970.0,70890.0,70900.02,95.39499
2024-05-21 08:40:00,70900.02,70900.02,70839.63,70892.37,115.41565
2024-05-21 08:45:00,70892.36,70942.25,70880.0,70942.25,115.7661
2024-05-21 08:50:00,70942.25,70966.0,70895.03,70895.59,79.24744
2024-05-21 08:55:00,70895.59,70968.4,70890.0,70916.0,98.79302
2024-05-21 09:00:00,70916.01,70959.9,70880.68,70915.0,121.58399
2024-05-21 09:05:00,70915.0,71054.18,70914.99,71050.2,187.76147
2024-05-21 09:10:00,71050.19,71060.0,70980.0,71009.99,121.76542
2024-05-21 09:15:00,71010.0,71072.48,70995.97,71034.01,100.17331
2024-05-21 09:20:00,71034.01,71034.01,70976.93,70976.94,72.8101
2024-05-21 09:25:00,70976.94,71024.41,70944.34,70986.49,87.16678
2024-05-21 09:30:00,70986.49,71076.65,70986.49,70990.0,97.35173
2024-05-21 09:35:00,70990.0,70990.01,70921.86,70974.97,81.29482
2024-05-21 09:40:00,70974.96,70980.0,70940.0,70940.01,65.4175
2024-05-21 09:45:00,70940.0,71055.98,70910.0,71030.0,146.91552
2024-05-21 09:50:00,71030.0,71062.77,70970.33,70985.06,178.174
2024-05-21 09:55:00,70985.06,71044.4,70920.0,70990.02,130.97037
2024-05-21 10:00:00,70990.02,71038.5,70960.02,71000.0,117.82401
2024-05-21 10:05:00,71000.0,71107.8,70991.13,71102.01,150.82093
2024-05-21 10:10:00,71102.01,71272.71,71102.0,71268.41,279.48488
2024-05-21 10:15:00,71268.42,71285.03,71150.0,71270.01,188.16135
2024-05-21 10:20:00,71270.01,71290.0,71120.0,71121.14,183.89901
2024-05-21 10:25:00,71121.13,71150.0,71068.04,71115.0,142.3886
2024-05-21 10:30:00,71115.0,71123.22,71042.51,71106.99,112.31867
2024-05-21 10:35:00,71107.0,71132.0,71090.0,71107.0,194.70277
2024-05-21 10:40:00,71107.0,71140.0,71100.01,71123.51,70.55207
2024-05-21 10:45:00,71123.51,71123.52,71020.56,71020.56,134.57888
2024-05-21 10:50:00,71020.57,71025.53,70972.33,71003.33,145.0497
2024-05-21 10:55:00,71003.33,71056.82,70984.6,71056.0,89.30898
2024-05-21 11:00:00,71055.99,71056.0,70980.0,71045.12,95.58107
2024-05-21 11:05:00,71045.12,71053.96,70980.0,71011.79,78.57557
2024-05-21 11:10:00,71011.8,71148.43,70983.0,71118.88,203.52675
2024-05-21 11:15:00,71118.88,71200.0,71090.0,71162.45,192.14983
2024-05-21 11:20:00,71162.46,71242.0,71090.0,71230.07,170.91523
2024-05-21 11:25:00,71230.07,71266.78,71160.0,71221.21,128.7774
2024-05-21 11:30:00,71221.21,71323.26,71200.0,71313.31,261.6739
2024-05-21 11:35:00,71313.3,71398.74,71284.63,71378.0,284.99039
2024-05-21 11:40:00,71378.01,71416.19,71270.0,71318.99,277.69955
2024-05-21 11:45:00,71319.0,71450.0,71214.15,71438.01,267.21412
2024-05-21 11:50:00,71438.0,71474.92,71220.0,71220.0,409.24986
2024-05-21 11:55:00,71220.0,71220.01,71103.07,71130.0,269.8114
2024-05-21 12:00:00,71130.0,71198.73,71060.0,71198.73,295.28059
2024-05-21 12:05:00,71198.73,71270.0,71142.2,71160.27,153.81401
2024-05-21 12:10:00,71160.26,71255.38,71092.77,71222.67,190.61171
2024-05-21 12:15:00,71222.67,71450.0,71222.66,71408.37,250.42894
2024-05-21 12:20:00,71408.37,71455.09,71140.0,71411.14,446.98507
2024-05-21 12:25:00,71411.14,71419.59,71209.08,71290.0,257.30942
2024-05-21 12:30:00,71289.99,71397.99,71286.29,71334.01,199.43638
2024-05-21 12:35:00,71334.02,71334.02,71160.0,71184.01,146.70388
2024-05-21 12:40:00,71184.02,71290.0,71179.85,71290.0,157.45554
2024-05-21 12:45:00,71289.99,71367.58,71285.55,71312.42,119.88021
2024-05-21 12:50:00,71312.42,71370.0,71270.0,71370.0,108.40878
2024-05-21 12:55:00,71369.99,71393.11,71290.0,71349.99,108.45629
2024-05-21 13:00:00,71349.99,71349.99,71138.95,71150.01,201.96385
2024-05-21 13:05:00,71150.0,71200.0,71150.0,71176.39,96.7741
2024-05-21 13:10:00,71176.39,71176.4,71000.0,71011.99,302.74894
2024-05-21 13:15:00,71011.99,71091.17,70866.55,70970.22,400.40762
2024-05-21 13:20:00,70970.22,71030.0,70885.41,70990.0,182.81863
2024-05-21 13:25:00,70990.0,71010.0,70868.22,70930.0,156.61552
2024-05-21 13:30:00,70929.99,71039.26,70813.97,71032.01,368.11156
2024-05-21 13:35:00,71032.01,71118.43,70875.49,71080.0,276.09619
2024-05-21 13:40:00,71080.01,71179.5,71070.65,71142.57,206.76585
2024-05-21 13:45:00,71142.58,71280.0,71054.56,71054.56,327.21495
2024-05-21 13:50:00,71054.57,71058.0,70539.91,70734.0,603.16029
2024-05-21 13:55:00,70734.01,70772.12,70546.89,70595.92,230.25471
2024-05-21 14:00:00,70595.92,70774.82,70560.0,70678.63,200.79621
2024-05-21 14:05:00,70678.64,70828.1,70653.0,70681.95,199.10052
2024-05-21 14:10:00,70681.95,70847.77,70681.95,70777.91,184.25673
2024-05-21 14:15:00,70777.91,70833.8,70684.52,70684.53,182.56667
2024-05-21 14:20:00,70684.52,70693.05,70584.05,70633.98,177.74926
2024-05-21 14:25:00,70633.98,70664.0,70329.82,70419.44,344.74421
2024-05-21 14:30:00,70419.44,70645.0,70417.79,70621.14,199.54864
2024-05-21 14:35:00,70621.14,70927.48,70621.14,70672.41,240.78
2024-05-21 14:40:00,70672.41,70767.86,70456.81,70456.81,171.61998
2024-05-21 14:45:00,70456.82,70507.24,70383.66,70460.0,267.96546
2024-05-21 14:50:00,70460.01,70500.0,70300.0,70354.92,219.03912
2024-05-21 14:55:00,70354.92,70402.0,70187.76,70213.2,269.49336
2024-05-21 15:00:00,70213.21,70342.68,70190.0,70236.67,214.90511
2024-05-21 15:05:00,70236.68,70260.9,70170.0,70260.89,208.28076
2024-05-21 15:10:00,70260.9,70299.96,70153.69,70247.83,245.9693
2024-05-21 15:15:00,70247.84,70374.43,70177.91,70360.0,182.10998
2024-05-21 15:20:00,70359.99,70487.82,70331.63,70448.0,140.64771
2024-05-21 15:25:00,70448.0,70448.0,70306.63,70309.06,106.00912
2024-05-21 15:30:00,70309.07,70320.0,70227.8,70263.85,100.45689
2024-05-21 15:35:00,70263.84,70284.68,70059.72,70077.4,162.32326
2024-05-21 15:40:00,70077.41,70211.82,70017.1,70157.23,239.13383
2024-05-21 15:45:00,70157.23,70168.41,70014.0,70014.01,145.16034
2024-05-21 15:50:00,70014.0,70014.01,69780.2,69830.15,573.43063
2024-05-21 15:55:00,69830.15,69895.99,69685.01,69826.99,427.47324
2024-05-21 16:00:00,69827.0,69903.46,69680.0,69903.45,273.2461
2024-05-21 16:05:00,69903.45,69997.46,69797.21,69967.99,197.63893
2024-05-21 16:10:00,69968.0,69983.91,69890.0,69968.98,166.84816
2024-05-21 16:15:00,69968.98,70238.94,69952.61,70229.13,380.91344
2024-05-21 16:20:00,70229.13,70239.22,69968.6,70018.94,227.80186
2024-05-21 16:25:00,70018.94,70029.58,69914.0,70001.29,116.71445
2024-05-21 16:30:00,70001.3,70263.03,69984.97,70018.0,326.8144
2024-05-21 16:35:00,70018.0,70018.01,69800.2,69802.71,235.93585
2024-05-21 16:40:00,69802.72,69853.09,69736.88,69812.01,202.08103
2024-05-21 16:45:00,69812.01,69837.98,69746.19,69818.15,254.78669
2024-05-21 16:50:00,69818.15,69900.0,69811.42,69835.59,126.87566
2024-05-21 16:55:00,69835.6,69835.6,69642.8,69668.03,197.91818
2024-05-21 17:00:00,69668.04,69742.88,69588.0,69703.98,289.22615
2024-05-21 17:05:00,69703.98,69913.38,69680.21,69888.0,202.46549
2024-05-21 17:10:00,69888.01,69893.19,69550.0,69594.66,358.73729
2024-05-21 17:15:00,69594.66,69748.27,69587.6,69748.26,431.94222
2024-05-21 17:20:00,69748.26,69800.9,69707.35,69728.08,124.13765
2024-05-21 17:25:00,69728.09,69856.86,69728.08,69847.53,90.40116
2024-05-21 17:30:00,69847.52,69942.72,69826.65,69856.4,88.24824
2024-05-21 17:35:00,69856.4,69875.6,69699.9,69804.2,239.23714
2024-05-21 17:40:00,69804.2,69805.98,69636.87,69785.43,188.90634
2024-05-21 17:45:00,69785.42,69836.06,69670.0,69769.13,156.6354
2024-05-21 17:50:00,69769.13,69800.01,69722.0,69794.02,86.73309
2024-05-21 17:55:00,69794.01,69883.01,69788.0,69857.05,113.65336
2024-05-21 18:00:00,69857.05,69950.19,69827.64,69950.19,75.93056
2024-05-21 18:05:00,69950.19,69950.19,69866.0,69866.01,88.41596
2024-05-21 18:10:00,69866.0,69866.01,69690.63,69698.59,70.54268
2024-05-21 18:15:00,69698.58,69718.19,69625.46,69628.91,47.72364
2024-05-21 18:20:00,69628.91,69658.05,69500.0,69658.04,144.24869
2024-05-21 18:25:00,69658.05,69688.0,69580.01,69676.0,64.55336
2024-05-21 18:30:00,69676.01,69808.25,69550.0,69750.97,115.55416
2024-05-21 18:35:00,69750.98,69773.06,69692.33,69731.66,36.07173
2024-05-21 18:40:00,69731.66,69768.5,69637.82,69664.42,57.17524
2024-05-21 18:45:00,69664.41,69774.92,69654.0,69757.2,60.01513
2024-05-21 18:50:00,69757.21,69822.43,69734.93,69807.49,55.39393
2024-05-21 18:55:00,69807.49,69844.62,69750.26,69829.74,80.69204
2024-05-21 19:00:00,69829.74,69887.53,69818.81,69839.24,84.76729
2024-05-21 19:05:00,69839.24,69898.64,69810.2,69898.63,53.01867
2024-05-21 19:10:00,69898.63,69940.0,69887.25,69910.0,77.31299
2024-05-21 19:15:00,69910.01,69944.4,69845.4,69856.61,63.05105
2024-05-21 19:20:00,69856.6,69868.75,69766.85,69766.85,44.0275
2024-05-21 19:25:00,69766.85,69766.86,69245.0,69377.29,579.20609
2024-05-21 19:30:00,69377.29,69398.1,69162.94,69301.78,231.23909
2024-05-21 19:35:00,69301.77,69495.91,69287.08,69434.01,131.29223
2024-05-21 19:40:00,69434.01,69434.01,69262.01,69318.81,124.10389
2024-05-21 19:45:00,69318.81,69447.6,69295.96,69414.01,118.9811
2024-05-21 19:50:00,69414.0,69445.36,69340.23,69345.78,100.08291
2024-05-21 19:55:00,69345.78,69410.0,69267.58,69285.99,101.51471
2024-05-21 20:00:00,69285.99,69478.26,69240.57,69470.37,157.83824
2024-05-21 20:05:00,69470.38,69588.65,69450.0,69562.69,137.11839
2024-05-21 20:10:00,69562.69,69610.31,69528.16,69539.4,50.9559
2024-05-21 20:15:00,69539.4,69674.16,69514.02,69650.0,128.57415
2024-05-21 20:20:00,69649.99,69696.87,69605.84,69696.87,53.0886
2024-05-21 20:25:00,69696.87,69698.7,69643.62,69698.7,90.09234
2024-05-21 20:30:00,69698.7,69722.29,69556.06,69718.69,191.08313
2024-05-21 20:35:00,69718.7,69723.59,69608.28,69718.8,68.99715
2024-05-21 20:40:00,69718.79,69727.96,69681.03,69718.81,37.74006
2024-05-21 20:45:00,69718.81,69766.66,69717.4,69759.98,36.19588
2024-05-21 20:50:00,69759.97,69763.68,69676.01,69701.99,51.43594
2024-05-21 20:55:00,69701.99,69750.0,69700.52,69727.01,51.91801
2024-05-21 21:00:00,69727.0,69742.0,69597.29,69622.59,84.31685
2024-05-21 21:05:00,69622.6,69702.8,69622.59,69650.0,91.60726
2024-05-21 21:10:00,69649.99,69675.55,69588.47,69675.54,45.40259
2024-05-21 21:15:00,69675.54,69675.55,69574.02,69574.03,48.41629
2024-05-21 21:20:00,69574.03,69574.04,69460.38,69547.88,88.41499
2024-05-21 21:25:00,69547.87,69604.76,69547.87,69604.0,22.90568
2024-05-21 21:30:00,69604.0,69658.91,69570.02,69570.03,45.46686
2024-05-21 21:35:00,69570.03,69638.41,69570.0,69608.23,28.30408
2024-05-21 21:40:00,69608.24,69608.24,69517.06,69517.07,48.29485
2024-05-21 21:45:00,69517.07,69684.17,69516.19,69678.21,34.18901
2024-05-21 21:50:00,69678.21,69691.36,69654.28,69688.52,35.46982
2024-05-21 21:55:00,69688.52,69806.12,69664.0,69727.76,65.87522
2024-05-21 22:00:00,69727.75,69839.11,69720.18,69820.0,111.57097
2024-05-21 22:05:00,69820.0,69866.08,69790.0,69844.97,104.34674
2024-05-21 22:10:00,69844.97,69865.14,69836.13,69847.85,40.54786
2024-05-21 22:15:00,69847.86,69963.45,69847.85,69936.16,117.20336
2024-05-21 22:20:00,69936.17,70023.71,69928.61,69998.16,81.48862
2024-05-21 22:25:00,69998.16,70003.81,69946.01,69958.21,53.27587
2024-05-21 22:30:00,69958.21,69959.8,69896.77,69928.0,66.70271
2024-05-21 22:35:00,69928.01,70141.83,69902.0,70100.0,193.04768
2024-05-21 22:40:00,70100.0,70131.48,69991.75,69997.4,86.08596
2024-05-21 22:45:00,69997.4,70157.72,69997.4,70097.35,138.04057
2024-05-21 22:50:00,70097.34,70181.81,70092.61,70166.01,183.71642
2024-05-21 22:55:00,70166.01,70222.22,70166.0,70222.22,103.30563
2024-05-21 23:00:00,70222.21,70230.12,70145.81,70170.03,80.53339
2024-05-21 23:05:00,70170.02,70233.33,70128.12,70225.97,72.974
2024-05-21 23:10:00,70225.97,70225.98,70135.13,70181.99,56.22605
2024-05-21 23:15:00,70182.0,70250.0,70144.0,70219.36,66.44438
2024-05-21 23:20:00,70219.35,70261.99,70191.8,70259.99,62.29387
2024-05-21 23:25:00,70260.0,70377.77,70258.96,70328.01,81.44116
2024-05-21 23:30:00,70328.0,70330.96,70273.66,70297.26,57.27768
2024-05-21 23:35:00,70297.27,70362.8,70264.9,70264.91,70.74426
2024-05-21 23:40:00,70264.9,70317.42,70242.53,70317.42,32.09738
2024-05-21 23:45:00,70317.42,70330.0,70137.62,70172.62,80.24435
2024-05-21 23:50:00,70172.62,70243.34,70100.0,70120.0,61.14055
2024-05-21 23:55:00,70119.99,70183.84,70119.99,70148.34,55.59164
2024-05-22 00:00:00,70148.34,70214.72,70081.24,70135.01,160.43981
2024-05-22 00:05:00,70135.01,70231.33,70100.0,70150.01,136.39228
2024-05-22 00:10:00,70150.0,70159.84,70049.99,70159.83,90.59812
2024-05-22 00:15:00,70159.83,70200.0,70110.0,70147.57,97.75576
2024-05-22 00:20:00,70147.58,70256.7,70130.0,70223.89,75.11073
2024-05-22 00:25:00,70223.88,70260.0,70170.0,70260.0,63.7335
2024-05-22 00:30:00,70259.99,70279.99,70160.0,70209.09,70.9962
2024-05-22 00:35:00,70209.09,70209.1,70091.25,70182.14,76.06716
2024-05-22 00:40:00,70182.14,70190.0,70100.0,70139.99,48.38626
2024-05-22 00:45:00,70140.0,70170.0,70113.02,70136.78,81.05046
2024-05-22 00:50:00,70136.77,70165.36,70059.43,70059.44,68.1058
2024-05-22 00:55:00,70059.43,70168.23,70057.41,70120.01,54.60628
2024-05-22 01:00:00,70120.0,70130.0,70007.73,70033.34,90.41436
2024-05-22 01:05:00,70033.34,70140.01,70033.34,70071.01,87.97605
2024-05-22 01:10:00,70071.0,70199.99,70057.8,70189.41,73.89079
2024-05-22 01:15:00,70189.4,70209.1,70140.0,70180.01,55.12711
2024-05-22 01:20:00,70180.0,70180.01,70082.38,70132.62,101.67568
2024-05-22 01:25:00,70132.62,70132.62,70062.28,70087.98,54.55634
2024-05-22 01:30:00,70087.98,70147.6,70075.96,70117.99,58.06603
2024-05-22 01:35:00,70117.99,70117.99,70050.0,70092.0,59.02769
2024-05-22 01:40:00,70092.01,70114.28,70050.0,70108.41,64.58864
2024-05-22 01:45:00,70108.42,70139.99,70040.0,70110.01,80.77172
2024-05-22 01:50:00,70110.01,70120.0,70043.51,70120.0,50.97804
2024-05-22 01:55:00,70119.99,70159.58,70100.27,70159.58,34.84179
2024-05-22 02:00:00,70159.57,70190.37,70150.0,70190.36,56.89434
2024-05-22 02:05:00,70190.36,70305.78,70190.36,70231.99,88.60788
2024-05-22 02:10:00,70232.0,70297.25,70181.4,70200.0,72.06586
2024-05-22 02:15:00,70199.99,70270.02,70197.89,70264.0,59.88605
2024-05-22 02:20:00,70264.0,70344.26,70234.0,70288.78,85.17709
2024-05-22 02:25:00,70288.78,70368.6,70241.11,70241.11,69.41295
2024-05-22 02:30:00,70241.12,70241.12,70145.4,70179.99,84.07901
2024-05-22 02:35:00,70179.99,70180.0,70033.24,70064.98,180.99795
2024-05-22 02:40:00,70064.97,70100.4,69922.77,70030.0,217.28064
2024-05-22 02:45:00,70029.99,70040.0,69933.52,70005.09,82.98433
2024-05-22 02:50:00,70005.09,70110.0,70005.09,70047.02,95.04313
2024-05-22 02:55:00,70047.01,70050.8,70003.0,70003.01,39.91733
2024-05-22 03:00:00,70003.01,70050.0,69960.3,69991.98,73.75036
2024-05-22 03:05:00,69991.98,70010.0,69941.17,69948.0,56.70948
2024-05-22 03:10:00,69948.01,69973.34,69876.27,69939.99,64.06858
2024-05-22 03:15:00,69939.99,69962.54,69870.28,69901.62,77.54637
2024-05-22 03:20:00,69901.62,69989.94,69888.0,69973.65,86.97546
2024-05-22 03:25:00,69973.64,69998.8,69945.0,69979.31,40.03543
2024-05-22 03:30:00,69979.3,69979.31,69870.65,69894.01,87.70526
2024-05-22 03:35:00,69894.01,69953.39,69894.01,69940.22,52.64412
2024-05-22 03:40:00,69940.21,69940.22,69822.76,69896.56,79.41823
2024-05-22 03:45:00,69896.56,69999.0,69886.03,69921.74,57.95794
2024-05-22 03:50:00,69921.75,69949.98,69914.0,69940.91,36.86138
2024-05-22 03:55:00,69940.9,69967.34,69920.13,69955.72,31.17221
2024-05-22 04:00:00,69955.72,70000.0,69922.36,69922.83,62.73865
2024-05-22 04:05:00,69922.82,69939.6,69900.0,69904.01,31.32547
2024-05-22 04:10:00,69904.02,69904.02,69812.26,69812.27,67.8753
2024-05-22 04:15:00,69812.27,69899.99,69812.26,69865.99,41.58674
2024-05-22 04:20:00,69865.99,69875.05,69850.0,69854.39,25.10298
2024-05-22 04:25:00,69854.39,69868.34,69743.25,69782.96,92.145
2024-05-22 04:30:00,69782.95,69842.0,69682.0,69682.0,81.51843
2024-05-22 04:35:00,69682.0,69699.0,69475.45,69521.99,217.47334
2024-05-22 04:40:00,69522.0,69546.87,69302.33,69315.37,237.45344
2024-05-22 04:45:00,69315.37,69379.61,69165.0,69331.74,252.50244
2024-05-22 04:50:00,69331.74,69385.64,69278.58,69350.27,145.91245
2024-05-22 04:55:00,69350.28,69619.42,69350.27,69599.98,113.08937
2024-05-22 05:00:00,69599.97,69637.85,69572.28,69584.0,67.39926
2024-05-22 05:05:00,69583.99,69660.07,69528.49,69660.07,70.89911
2024-05-22 05:10:00,69660.06,69728.49,69654.0,69718.46,94.99936
2024-05-22 05:15:00,69718.46,69814.24,69718.45,69733.04,88.2811
2024-05-22 05:20:00,69733.04,69878.6,69721.3,69858.15,47.80366
2024-05-22 05:25:00,69858.14,69873.87,69829.3,69867.21,34.03801
2024-05-22 05:30:00,69867.22,69923.48,69859.29,69878.18,65.47243
2024-05-22 05:35:00,69878.19,69885.52,69800.43,69801.61,30.71318
2024-05-22 05:40:00,69801.61,69911.99,69775.32,69891.93,103.58434
2024-05-22 05:45:00,69891.94,69907.99,69834.37,69834.38,42.43322
2024-05-22 05:50:00,69834.37,69882.36,69814.06,69816.7,37.9114
2024-05-22 05:55:00,69816.7,69901.87,69812.67,69898.12,49.71837
2024-05-22 06:00:00,69898.12,70020.0,69877.49,70012.15,93.83825
2024-05-22 06:05:00,70012.15,70059.89,69970.0,69976.69,77.28039
2024-05-22 06:10:00,69976.68,69992.6,69920.61,69920.61,50.03454
2024-05-22 06:15:00,69920.61,69962.0,69914.21,69932.58,31.75706
2024-05-22 06:20:00,69932.57,69974.64,69855.0,69855.01,52.32258
2024-05-22 06:25:00,69855.0,69882.0,69810.0,69878.19,63.9702
2024-05-22 06:30:00,69878.2,69888.55,69835.56,69843.3,42.65521
2024-05-22 06:35:00,69843.3,69856.0,69791.97,69855.99,40.13405
2024-05-22 06:40:00,69856.0,69923.29,69855.99,69876.02,42.37265
2024-05-22 06:45:00,69876.02,69876.02,69784.47,69845.06,115.00356
2024-05-22 06:50:00,69845.05,69870.91,69820.01,69820.1,29.07626
2024-05-22 06:55:00,69820.1,69865.76,69820.09,69854.08,26.11611
2024-05-22 07:00:00,69854.08,69889.07,69798.8,69842.05,66.92719
2024-05-22 07:05:00,69842.05,69842.05,69715.9,69761.22,87.51907
2024-05-22 07:10:00,69761.22,69852.05,69744.59,69812.0,117.79987
2024-05-22 07:15:00,69812.01,69812.01,69725.0,69768.09,80.29632
2024-05-22 07:20:00,69768.09,69784.25,69726.05,69726.05,53.3166
2024-05-22 07:25:00,69726.05,69726.06,69600.01,69645.72,87.61373
2024-05-22 07:30:00,69645.72,69718.56,69587.62,69707.05,59.06252
2024-05-22 07:35:00,69707.04,69743.71,69702.5,69707.42,45.35847
2024-05-22 07:40:00,69707.41,69811.91,69702.53,69787.26,48.43195
2024-05-22 07:45:00,69787.26,69804.25,69726.73,69729.99,40.25404
2024-05-22 07:50:00,69730.0,69835.66,69729.99,69819.07,60.72637
2024-05-22 07:55:00,69819.07,69819.08,69713.51,69715.0,47.7366
2024-05-22 08:00:00,69715.0,69785.57,69645.21,69699.0,58.48503
2024-05-22 08:05:00,69699.0,69827.3,69636.01,69827.3,71.86733
2024-05-22 08:10:00,69827.29,69902.62,69818.23,69902.61,70.18788
2024-05-22 08:15:00,69902.61,69936.4,69886.0,69913.26,127.89297
2024-05-22 08:20:00,69913.25,69922.62,69902.83,69907.87,44.90014
2024-05-22 08:25:00,69907.87,69974.99,69862.54,69943.1,95.17751
2024-05-22 08:30:00,69943.1,70200.0,69934.12,70070.16,234.18371
2024-05-22 08:35:00,70070.16,70121.88,70026.88,70117.98,205.05174
2024-05-22 08:40:00,70117.98,70130.0,70020.0,70020.0,60.48471
2024-05-22 08:45:00,70020.0,70064.0,70013.4,70054.0,45.09159
2024-05-22 08:50:00,70054.0,70110.0,70034.62,70060.02,105.22408
2024-05-22 08:55:00,70060.01,70065.54,70010.0,70010.27,43.62132
2024-05-22 09:00:00,70010.26,70030.0,69907.66,69939.42,74.82534
2024-05-22 09:05:00,69939.42,69939.42,69851.73,69883.27,54.19116
2024-05-22 09:10:00,69883.27,69922.93,69877.34,69900.92,26.78128
2024-05-22 09:15:00,69900.92,69991.07,69837.45,69962.01,52.73061
2024-05-22 09:20:00,69962.0,70040.0,69920.87,69984.12,47.04415
2024-05-22 09:25:00,69984.12,70023.43,69945.26,70014.64,35.19547
2024-05-22 09:30:00,70014.64,70079.64,69956.82,70064.01,53.94124
2024-05-22 09:35:00,70064.01,70087.1,69941.65,69941.65,42.78256
2024-05-22 09:40:00,69941.66,69986.64,69893.94,69898.0,37.66437
2024-05-22 09:45:00,69897.99,70009.12,69855.36,70004.21,38.46787
2024-05-22 09:50:00,70004.2,70012.71,69908.0,69983.13,37.14294
2024-05-22 09:55:00,69983.14,70031.14,69968.03,69987.44,57.72946
2024-05-22 10:00:00,69987.45,69987.45,69928.05,69973.78,59.43711
2024-05-22 10:05:00,69973.78,70030.3,69958.0,70030.29,30.43378
2024-05-22 10:10:00,70030.3,70080.0,70030.29,70037.99,47.5513
2024-05-22 10:15:00,70037.99,70069.9,70030.92,70064.0,33.23342
2024-05-22 10:20:00,70064.0,70110.0,70058.0,70078.22,47.96871
2024-05-22 10:25:00,70078.22,70113.52,70044.5,70108.98,78.27094
2024-05-22 10:30:00,70108.99,70219.59,70108.98,70162.12,136.70032
2024-05-22 10:35:00,70162.12,70162.13,70100.01,70154.01,79.36805
2024-05-22 10:40:00,70154.01,70200.0,70130.0,70199.99,48.17247
2024-05-22 10:45:00,70200.0,70233.0,70150.0,70205.43,64.25163
2024-05-22 10:50:00,70205.43,70205.43,70130.0,70130.01,42.97652
2024-05-22 10:55:00,70130.01,70205.26,70123.9,70190.0,48.16088
2024-05-22 11:00:00,70190.0,70275.14,70150.12,70236.74,76.65643
2024-05-22 11:05:00,70236.73,70236.74,70171.28,70223.99,34.54379
2024-05-22 11:10:00,70223.98,70238.15,70190.0,70202.02,63.37148
2024-05-22 11:15:00,70202.01,70202.02,70126.62,70139.99,142.699
2024-05-22 11:20:00,70140.0,70150.0,70063.3,70085.99,63.73206
2024-05-22 11:25:00,70085.99,70103.54,70047.25,70051.99,34.26862
2024-05-22 11:30:00,70052.0,70089.73,70010.0,70061.17,69.89673
2024-05-22 11:35:00,70061.17,70070.02,70020.68,70029.7,22.69148
2024-05-22 11:40:00,70029.69,70029.7,69941.23,70008.16,67.90907
2024-05-22 11:45:00,70008.15,70046.99,69939.41,70004.0,71.81724
2024-05-22 11:50:00,70004.01,70016.71,69826.03,69862.69,131.10999
2024-05-22 11:55:00,69862.68,69917.86,69736.13,69736.13,123.07005
2024-05-22 12:00:00,69736.14,69925.28,69640.4,69843.36,180.02919
2024-05-22 12:05:00,69843.36,69920.0,69816.38,69883.65,89.77574
2024-05-22 12:10:00,69883.65,70009.99,69864.01,70009.98,65.75495
2024-05-22 12:15:00,70009.99,70093.34,69930.0,70073.99,71.81929
2024-05-22 12:20:00,70074.0,70074.0,69951.1,70026.61,57.39854
2024-05-22 12:25:00,70026.6,70046.0,69931.8,70039.56,54.79699
2024-05-22 12:30:00,70039.56,70046.0,69857.77,69891.27,113.38631
2024-05-22 12:35:00,69891.28,69909.09,69770.75,69810.35,115.17119
2024-05-22 12:40:00,69810.35,69811.99,69638.4,69733.99,221.63045
2024-05-22 12:45:00,69733.99,69777.71,69626.8,69716.78,164.63202
2024-05-22 12:50:00,69716.78,69716.78,69505.65,69598.09,166.54225
2024-05-22 12:55:00,69598.09,69657.62,69519.09,69643.88,102.84049
2024-05-22 13:00:00,69643.88,69847.99,69628.01,69833.99,138.81178
2024-05-22 13:05:00,69834.0,69845.82,69717.8,69753.87,78.80057
2024-05-22 13:10:00,69753.87,69841.32,69749.84,69815.99,70.14955
2024-05-22 13:15:00,69816.0,69892.63,69795.32,69874.35,94.69433
2024-05-22 13:20:00,69874.36,69874.36,69722.02,69760.0,66.19689
2024-05-22 13:25:00,69759.99,69803.99,69676.1,69721.9,67.02151
2024-05-22 13:30:00,69721.91,69834.04,69675.53,69739.99,119.19281
2024-05-22 13:35:00,69739.99,69824.89,69562.54,69584.5,116.52413
2024-05-22 13:40:00,69584.51,69588.78,69447.0,69535.02,205.08061
2024-05-22 13:45:00,69535.01,69588.77,69485.01,69511.4,143.73133
2024-05-22 13:50:00,69511.39,69659.07,69508.38,69529.99,115.27611
2024-05-22 13:55:00,69530.0,69586.88,69436.63,69586.87,101.76677
2024-05-22 14:00:00,69586.88,69655.0,69495.14,69562.6,115.02587
2024-05-22 14:05:00,69562.6,69616.0,69482.01,69482.01,84.01084
2024-05-22 14:10:00,69482.02,69531.96,69435.3,69531.96,75.78772
2024-05-22 14:15:00,69531.95,70099.46,69505.79,69843.84,461.86966
2024-05-22 14:20:00,69843.85,69966.09,69730.21,69845.22,194.48369
2024-05-22 14:25:00,69845.23,69926.0,69490.0,69704.01,182.80757
2024-05-22 14:30:00,69704.01,69765.5,69610.0,69690.12,86.9508
2024-05-22 14:35:00,69690.12,69863.05,69670.64,69771.33,134.83188
2024-05-22 14:40:00,69771.33,69859.82,69771.32,69821.14,70.61945
2024-05-22 14:45:00,69821.15,70000.0,69808.34,69970.0,118.78207
2024-05-22 14:50:00,69970.01,70180.0,69917.46,70112.97,350.48891
2024-05-22 14:55:00,70112.96,70140.0,70069.86,70114.63,91.64091
2024-05-22 15:00:00,70114.63,70148.0,70079.99,70148.0,119.83437
2024-05-22 15:05:00,70148.0,70285.37,70058.65,70083.99,213.86942
2024-05-22 15:10:00,70083.99,70084.0,69933.34,69972.64,83.58914
2024-05-22 15:15:00,69972.63,70083.25,69922.37,70083.24,80.96866
2024-05-22 15:20:00,70083.24,70149.43,70043.78,70110.28,72.37753
2024-05-22 15:25:00,70110.28,70268.0,70102.64,70215.97,100.35348
2024-05-22 15:30:00,70215.98,70231.99,70137.18,70163.89,75.48303
2024-05-22 15:35:00,70163.89,70214.9,70133.52,70214.87,62.94024
2024-05-22 15:40:00,70214.87,70591.0,70214.87,70500.5,252.74372
2024-05-22 15:45:00,70500.5,70591.0,70383.65,70516.8,144.55193
2024-05-22 15:50:00,70516.81,70540.0,70392.14,70516.57,140.67949
2024-05-22 15:55:00,70516.58,70518.0,70350.47,70455.9,79.71799
2024-05-22 16:00:00,70455.89,70500.0,70285.71,70308.28,110.67334
2024-05-22 16:05:00,70308.29,70418.52,70308.28,70401.99,74.90131
2024-05-22 16:10:00,70401.99,70665.53,70401.99,70661.99,145.05224
2024-05-22 16:15:00,70662.0,70666.0,70496.24,70525.01,105.87111
2024-05-22 16:20:00,70525.01,70550.0,70456.81,70538.59,57.38486
2024-05-22 16:25:00,70538.59,70548.0,70370.0,70395.99,58.19811
2024-05-22 16:30:00,70395.99,70453.96,70324.02,70364.05,67.64722
2024-05-22 16:35:00,70364.04,70375.59,70214.0,70275.21,97.23685
2024-05-22 16:40:00,70275.21,70297.91,70179.58,70292.44,109.20914
2024-05-22 16:45:00,70292.44,70354.22,70211.69,70268.52,71.09206
2024-05-22 16:50:00,70268.51,70299.99,70242.49,70257.88,98.35963
2024-05-22 16:55:00,70257.88,70297.74,70229.37,70229.88,58.79684
2024-05-22 17:00:00,70229.87,70252.2,70085.99,70113.52,114.64018
2024-05-22 17:05:00,70113.52,70212.0,70108.01,70153.54,83.25311
2024-05-22 17:10:00,70153.55,70180.0,70101.43,70180.0,67.10934
2024-05-22 17:15:00,70180.0,70459.91,70144.16,70320.97,217.2847
2024-05-22 17:20:00,70320.98,70378.93,70268.47,70290.01,86.61006
2024-05-22 17:25:00,70290.0,70292.0,70238.0,70256.7,53.92639
2024-05-22 17:30:00,70256.69,70280.0,70236.23,70280.0,61.02816
2024-05-22 17:35:00,70279.99,70280.0,69888.0,69992.01,238.24979
2024-05-22 17:40:00,69992.0,69992.01,69669.19,69775.81,350.90931
2024-05-22 17:45:00,69775.82,69871.56,69674.36,69871.56,145.64331
2024-05-22 17:50:00,69871.55,69916.05,69812.0,69868.88,77.97871
2024-05-22 17:55:00,69868.88,69922.09,69773.43,69863.52,164.75215
2024-05-22 18:00:00,69863.52,69901.66,69554.76,69709.31,266.34618
2024-05-22 18:05:00,69709.31,69788.05,69591.23,69649.88,108.08232
2024-05-22 18:10:00,69649.87,69690.25,69600.0,69687.92,107.94004
2024-05-22 18:15:00,69687.92,69712.81,69525.0,69577.98,169.73345
2024-05-22 18:20:00,69577.99,69579.35,69276.53,69432.17,407.85507
2024-05-22 18:25:00,69432.18,69505.49,69410.86,69412.85,109.52583
2024-05-22 18:30:00,69412.85,69522.57,69400.0,69522.56,79.58112
2024-05-22 18:35:00,69522.57,69546.4,69228.64,69388.34,245.72548
2024-05-22 18:40:00,69388.33,69506.88,69367.38,69491.26,542.7128
2024-05-22 18:45:00,69491.26,69688.99,69480.0,69640.5,147.20184
2024-05-22 18:50:00,69640.5,69649.96,69579.74,69604.99,189.82128
2024-05-22 18:55:00,69604.99,69646.82,69573.24,69574.6,126.58741
2024-05-22 19:00:00,69574.6,69607.37,69485.0,69607.37,331.48734
2024-05-22 19:05:00,69607.36,69714.28,69534.68,69713.09,120.51726
2024-05-22 19:10:00,69713.1,69713.1,69539.88,69571.0,61.71197
2024-05-22 19:15:00,69571.0,69571.01,69453.13,69492.82,82.60701
2024-05-22 19:20:00,69492.81,69594.0,69483.58,69593.99,38.05316
2024-05-22 19:25:00,69594.0,69653.84,69592.01,69616.53,42.37369
2024-05-22 19:30:00,69616.52,69756.72,69612.0,69689.56,64.75955
2024-05-22 19:35:00,69689.57,69757.17,69660.69,69692.77,44.46476
2024-05-22 19:40:00,69692.77,69706.42,69634.01,69639.1,44.62717
2024-05-22 19:45:00,69639.11,69722.0,69624.58,69643.07,58.49851
2024-05-22 19:50:00,69643.07,69719.95,69612.0,69719.94,61.84218
2024-05-22 19:55:00,69719.94,69800.91,69570.0,69637.47,106.03611
2024-05-22 20:00:00,69637.48,69722.39,69589.46,69687.24,120.39646
2024-05-22 20:05:00,69687.25,69793.09,69659.29,69786.0,183.79197
2024-05-22 20:10:00,69786.0,69848.87,69786.0,69814.96,199.46891
2024-05-22 20:15:00,69814.97,69864.67,69723.4,69770.0,118.34618
2024-05-22 20:20:00,69770.01,69976.0,69648.0,69655.58,295.43233
2024-05-22 20:25:00,69655.58,69741.28,69580.71,69580.72,81.35079
2024-05-22 20:30:00,69580.71,69655.7,69397.25,69400.0,185.26648
2024-05-22 20:35:00,69399.99,69589.36,69399.99,69564.52,60.13196
2024-05-22 20:40:00,69564.53,69564.53,69470.7,69508.01,63.19961
2024-05-22 20:45:00,69508.0,69582.29,69486.0,69510.93,75.58279
2024-05-22 20:50:00,69510.93,69533.12,69472.0,69472.0,41.14413
2024-05-22 20:55:00,69472.01,69495.03,69442.01,69442.01,43.6421
2024-05-22 21:00:00,69442.02,69450.0,69342.56,69378.0,142.23277
2024-05-22 21:05:00,69378.0,69393.98,68842.19,69109.61,483.41272
2024-05-22 21:10:00,69109.6,69256.82,69031.82,69086.01,169.0698
2024-05-22 21:15:00,69086.01,69242.79,69060.98,69195.0,95.82301
2024-05-22 21:20:00,69195.01,69299.11,69195.0,69299.11,87.48824
2024-05-22 21:25:00,69299.1,69371.59,69230.46,69342.02,82.66925
2024-05-22 21:30:00,69342.02,69388.48,69300.0,69388.47,75.16989
2024-05-22 21:35:00,69388.48,69665.61,69388.47,69600.0,113.84545
2024-05-22 21:40:00,69599.99,69643.71,69420.35,69439.5,124.10912
2024-05-22 21:45:00,69439.5,69500.61,69400.0,69500.6,28.96969
2024-05-22 21:50:00,69500.61,69580.0,69460.01,69531.03,81.79754
2024-05-22 21:55:00,69531.02,69571.31,69465.13,69497.77,46.52296
2024-05-22 22:00:00,69497.77,69550.0,69364.41,69366.37,87.94581
2024-05-22 22:05:00,69366.37,69424.87,69314.75,69334.79,64.4623
2024-05-22 22:10:00,69334.8,69400.0,69326.01,69389.06,52.11862
2024-05-22 22:15:00,69389.06,69390.8,69326.01,69326.02,50.04717
2024-05-22 22:20:00,69326.02,69338.0,69241.36,69331.76,93.56907
2024-05-22 22:25:00,69331.76,69353.15,69318.61,69335.99,74.9273
2024-05-22 22:30:00,69335.98,69335.99,69214.01,69235.0,61.72725
2024-05-22 22:35:00,69234.99,69235.0,69075.0,69136.58,143.93355
2024-05-22 22:40:00,69136.58,69177.22,69080.0,69082.01,79.46353
2024-05-22 22:45:00,69082.0,69188.24,69064.44,69150.72,109.31062
2024-05-22 22:50:00,69150.73,69171.37,69096.0,69115.0,69.09399
2024-05-22 22:55:00,69115.01,69166.0,69054.01,69141.28,66.87998
2024-05-22 23:00:00,69141.28,69145.36,69058.08,69088.09,76.02045
2024-05-22 23:05:00,69088.1,69135.46,69058.08,69104.01,55.5388
2024-05-22 23:10:00,69104.0,69233.69,69104.0,69144.18,170.05587
2024-05-22 23:15:00,69144.17,69144.18,69034.01,69036.6,99.43737
2024-05-22 23:20:00,69036.6,69130.41,69023.56,69114.0,68.48408
2024-05-22 23:25:00,69114.0,69157.73,69103.94,69103.94,45.23684
2024-05-22 23:30:00,69103.94,69157.73,69092.39,69112.6,42.61495
2024-05-22 23:35:00,69112.61,69150.87,69071.54,69116.34,43.00432
2024-05-22 23:40:00,69116.34,69120.89,69091.3,69120.88,29.60888
2024-05-22 23:45:00,69120.89,69192.29,69120.88,69171.17,31.09885
2024-05-22 23:50:00,69171.16,69227.56,69168.0,69227.55,35.70208
2024-05-22 23:55:00,69227.55,69227.56,69166.61,69166.62,21.81866
2024-05-23 00:00:00,69166.62,69335.0,69166.61,69286.0,102.80116
2024-05-23 00:05:00,69286.0,69317.63,69227.2,69258.58,55.71394
2024-05-23 00:10:00,69258.58,69336.43,69258.57,69320.69,39.29573
2024-05-23 00:15:00,69320.69,69434.17,69316.0,69407.85,70.99136
2024-05-23 00:20:00,69407.86,69407.86,69318.47,69390.0,48.82403
2024-05-23 00:25:00,69390.01,69421.74,69355.3,69355.3,28.43135
2024-05-23 00:30:00,69355.31,69526.8,69352.0,69510.2,203.40795
2024-05-23 00:35:00,69510.2,69594.78,69448.36,69589.37,103.537
2024-05-23 00:40:00,69589.37,69603.7,69525.26,69543.46,31.02777
2024-05-23 00:45:00,69543.45,69621.51,69536.25,69548.76,96.07067
2024-05-23 00:50:00,69548.75,69580.0,69508.01,69561.51,49.0024
2024-05-23 00:55:00,69561.52,69572.0,69491.05,69499.81,30.77123
2024-05-23 01:00:00,69499.81,69515.61,69410.95,69415.82,59.40372
2024-05-23 01:05:00,69415.81,69430.0,69334.86,69334.87,43.17614
2024-05-23 01:10:00,69334.87,69366.0,69260.15,69365.99,53.43617
2024-05-23 01:15:00,69366.0,69460.0,69365.99,69369.67,54.12875
2024-05-23 01:20:00,69369.67,69480.0,69369.66,69435.13,36.93594
2024-05-23 01:25:00,69435.13,69543.21,69435.13,69520.58,48.66935
2024-05-23 01:30:00,69520.58,69626.87,69470.82,69571.97,114.30652
2024-05-23 01:35:00,69571.97,69598.59,69524.9,69531.98,45.99388
2024-05-23 01:40:00,69531.99,69589.97,69528.87,69550.02,55.23031
2024-05-23 01:45:00,69550.01,69550.02,69491.61,69510.2,44.44424
2024-05-23 01:50:00,69510.2,69527.71,69492.97,69492.98,25.31882
2024-05-23 01:55:00,69492.97,69506.0,69483.15,69483.16,20.7698
2024-05-23 02:00:00,69483.15,69561.98,69470.26,69554.58,33.137
2024-05-23 02:05:00,69554.59,69554.59,69501.08,69520.01,38.78993
2024-05-23 02:10:00,69520.0,69558.63,69520.0,69540.68,26.24978
2024-05-23 02:15:00,69540.68,69552.9,69530.2,69530.2,36.57872
2024-05-23 02:20:00,69530.21,69562.0,69530.2,69540.01,18.85763
2024-05-23 02:25:00,69540.0,69540.01,69458.24,69467.57,34.29285
2024-05-23 02:30:00,69467.57,69490.0,69430.0,69450.21,39.16248
2024-05-23 02:35:00,69450.21,69520.0,69450.0,69480.74,25.83625
2024-05-23 02:40:00,69480.74,69480.75,69460.0,69462.0,20.5911
2024-05-23 02:45:00,69462.0,69500.54,69430.0,69430.01,54.52009
2024-05-23 02:50:00,69430.01,69447.8,69362.62,69447.8,63.16298
2024-05-23 02:55:00,69447.8,69505.86,69447.79,69505.86,50.64102
2024-05-23 03:00:00,69505.85,69505.86,69422.2,69474.99,52.36689
2024-05-23 03:05:00,69474.99,69480.0,69420.01,69434.96,53.08224
2024-05-23 03:10:00,69434.97,69479.99,69434.96,69460.01,45.49458
2024-05-23 03:15:00,69460.01,69470.0,69410.0,69432.01,68.7238
2024-05-23 03:20:00,69432.01,69466.89,69432.0,69445.84,25.03173
2024-05-23 03:25:00,69445.84,69445.84,69406.07,69420.0,29.90105
2024-05-23 03:30:00,69420.0,69429.99,69370.13,69377.99,40.71399
2024-05-23 03:35:00,69378.0,69383.6,69346.85,69349.47,28.72323
2024-05-23 03:40:00,69349.47,69359.79,69311.76,69328.65,47.097
2024-05-23 03:45:00,69328.65,69387.04,69328.65,69369.05,40.4452
2024-05-23 03:50:00,69369.05,69393.4,69341.3,69382.1,61.18697
2024-05-23 03:55:00,69382.11,69524.86,69382.1,69446.14,122.80253
2024-05-23 04:00:00,69446.14,69495.37,69446.13,69495.36,48.24579
2024-05-23 04:05:00,69495.37,69519.73,69439.3,69447.68,117.85791
2024-05-23 04:10:00,69447.69,69490.0,69432.61,69489.19,67.80506
2024-05-23 04:15:00,69489.2,69489.2,69432.62,69445.49,71.29973
2024-05-23 04:20:00,69445.5,69467.66,69422.2,69439.78,80.09013
2024-05-23 04:25:00,69439.79,69511.0,69439.78,69510.99,23.9759
2024-05-23 04:30:00,69511.0,69529.41,69480.0,69510.0,58.91134
2024-05-23 04:35:00,69509.99,69546.0,69503.08,69542.87,30.6184
2024-05-23 04:40:00,69542.86,69560.57,69530.0,69551.99,36.3356
2024-05-23 04:45:00,69552.0,69577.53,69480.0,69517.57,61.46756
2024-05-23 04:50:00,69517.57,69590.0,69490.36,69543.45,44.59363
2024-05-23 04:55:00,69543.45,69560.0,69518.89,69550.01,22.09162
2024-05-23 05:00:00,69550.0,69562.04,69462.0,69476.9,39.21858
2024-05-23 05:05:00,69476.9,69523.7,69440.0,69440.0,62.48115
2024-05-23 05:10:00,69440.01,69477.52,69420.0,69459.98,51.23381
2024-05-23 05:15:00,69459.99,69476.82,69347.17,69419.99,53.26939
2024-05-23 05:20:00,69419.99,69452.6,69401.21,69438.0,51.78934
2024-05-23 05:25:00,69437.99,69499.92,69437.99,69444.61,41.59553
2024-05-23 05:30:00,69444.6,69449.4,69360.38,69379.09,45.67993
2024-05-23 05:35:00,69379.09,69407.19,69362.02,69367.71,21.32009
2024-05-23 05:40:00,69367.71,69420.0,69367.7,69379.12,38.73061
2024-05-23 05:45:00,69379.13,69430.0,69352.12,69382.35,34.6197
2024-05-23 05:50:00,69382.35,69410.0,69348.0,69374.48,43.37312
2024-05-23 05:55:00,69374.48,69478.89,69374.47,69478.89,57.63853
2024-05-23 06:00:00,69478.89,69478.89,69432.0,69446.18,39.42056
2024-05-23 06:05:00,69446.18,69474.0,69439.13,69474.0,51.30137
2024-05-23 06:10:00,69473.99,69486.0,69387.65,69430.0,79.37938
2024-05-23 06:15:00,69430.0,69469.46,69417.35,69417.36,46.17594
2024-05-23 06:20:00,69417.35,69449.08,69382.73,69449.07,33.34808
2024-05-23 06:25:00,69449.08,69453.99,69430.0,69430.01,25.85844
2024-05-23 06:30:00,69430.01,69486.81,69430.0,69470.0,35.86501
2024-05-23 06:35:00,69470.01,69470.01,69400.0,69437.65,31.84673
2024-05-23 06:40:00,69437.66,69556.61,69437.65,69510.33,69.76248
2024-05-23 06:45:00,69510.34,69597.15,69493.01,69597.14,65.92799
2024-05-23 06:50:00,69597.15,69675.0,69597.14,69606.0,82.30374
2024-05-23 06:55:00,69606.01,69621.28,69561.4,69561.4,44.13375
2024-05-23 07:00:00,69561.4,69610.0,69470.0,69485.0,55.85045
2024-05-23 07:05:00,69485.0,69569.87,69485.0,69512.01,29.07949
2024-05-23 07:10:00,69512.01,69534.06,69482.3,69517.88,33.83631
2024-05-23 07:15:00,69517.88,69544.01,69501.95,69526.05,61.74494
2024-05-23 07:20:00,69526.04,69578.8,69508.08,69539.98,42.79608
2024-05-23 07:25:00,69539.97,69542.0,69527.12,69527.12,20.66104
2024-05-23 07:30:00,69527.12,69625.39,69500.0,69625.39,55.59788
2024-05-23 07:35:00,69625.38,69798.99,69625.0,69798.82,158.09406
2024-05-23 07:40:00,69798.82,69862.44,69710.26,69776.01,162.58565
2024-05-23 07:45:00,69776.0,69812.39,69715.79,69715.79,71.06058
